titles,category
러 외무차관  새정부와 관계 정상화 고려할 준비,World
북한군 추정 군인 드론 공격에 속수무책,World
시끄러운 은 들어오지마미국판 노키즈존 등장에 시끌,World
주한미군 현 수준으로 유지 국방수권법 미 상원도 통과,World
가자휴전 수일 내 타결 관측바이든 막판 미 고위급 중동 포진,World
설리번 민주제도 꺾여도 버티느냐가 관건한국 버티고 있어,World
 중동산 천연가스의 유럽행 관문 러가 시리아 내전 개입했던 진짜 이유최준영의  지정학,World
일인 줄 알았는데 개월간 지구로 못 돌아온 우주비행사무슨 일,World
트럼프 내년 월 중순 이시바 만날 수 있다고 통보,World
 머스크 정부 보안규정 위반 조사글로벌 비즈,World
 캐나다 정치 흔드는 트럼프 에도 경고,World
러시아에 파병한 북 미국 탓장거리 무기 허용해 위기 고조,World
치사율  대유행 시간문제 서 조류 인플루엔자 첫 중증환자,World
러 장성 폭사에 더타임스 정당방어러 조심해라 위협,World
미국 중국 핵탄두 백 개 이상 보유년까지 천 개 넘을 전망,World
연준 금리 덜 내릴 것글로벌 금융시장에 충격파,World
 핵탄두 올해 개 년이면 개 넘어핵전력 확대,World
블링컨 이란 핵무기 보유시 어찌될지 알아트럼프 정부서도 협상 가능,World
러 지중해 관문 시리아 군기지 결국 문닫나리비아로 철수,World
러의  불안정 전략폴란드 난민 권리 일시 제한 법안 채택,World
젤렌스키 돈바스 되찾을 힘 없어러 트럼프 정부와 관계 정상화 준비,World
트럼프 정부 셧다운 코앞서 예산처리 발목부채한도 증액해야,World
트럼프 이시바와 만날 듯 다음 달 취임 전 의향 전달,World
러 북중러에 대한 미국 지정학적 게임 핵 재앙 초래할 수도상보,World
비행 분 만에 내린 결론 일본 또 실패 지금이뉴스,World
내년에 고액기부 신입생 좀 많이 명문대 기부금 입학 발각,World
미 국방부 중국 핵탄두 개 이상 보유년까지 핵전력 확대종합,World
트럼프 예산안 처리 발목잡았다부채한도 증액해야,World
 엔비디아 주가 일 연속 하락 마감일만에 달러 하회종합,World
오픈 유니콘 배 헥토콘 등극 치솟는 몸값에 벤처캐피털 업계 고민 ,World
국무 공습 검토 트럼프 향해 이란과 핵협상 여지 있어,World
의 황당한 주장 러북관계는 국제 평화와 안보에 긍정적,World
트럼프 에 취임전 월 중순 이시바와 회담 의향 전달,World
내년  금리인하 두 번만매파 파월 추가 인하 신중종합,World
드론 앞 좀비처럼 몰려와 떼죽음무지한 북한군에 러 특단대책,World
캐나다 미국의 번째 주 되길 원해트럼프의 야욕,World
트럼프 부채한도 증액해야정부 셧다운 코앞서 예산처리 발목종합,World
안보보좌관 비상계엄에 민주제도 꺾여도 버텨내느냐가 관건,World
셧다운 눈앞인데트럼프 임시예산안 합의에 배신 비판,World
자막뉴스 아시아판 나토 구도에 불만러 핵재앙 초래 경고,World
미국 중국 보유 핵탄두 개 이상년 개 넘을 것,World
러 핵무기 보유한 북중러에 대한 의 압박 핵재앙 초래할수도,World
 세계 최장 시간 우주 유영 민간위성 실패,World
트럼프 다음달 취임 전 이시바와 만날 듯일본에 의향 전달,World
 바이든의 우크라 장거리무기 허용 비판트럼프 따라하기,World
트럼프 많은 캐나다인들 미국 편입 원해야욕 드러내,World
야놀자플랫폼 년간 조천억원 경제효과 창출,IT
  통화비서 익시오 아이폰 고객도 쓴다,IT
세종텔레콤 국내 최초 코어 공유형 이음 구축,IT
챗 스마트폰은 물론 유선전화왓츠앱에서도 이용 가능,IT
카카오엔터 조명가게 흥행 속 원작 웹툰 매출 배 증가,IT
카카오  포럼에서 공공기여 사례 소개,IT
 활용 바이러스와 같이 복잡정교한 구조의 새로운 치료 플랫폼 개발,IT
역대 최고 기록 라이엇게임즈 발로란트 대회  성과 발표,IT
아이폰 프로 카메라 확 바뀐다고천만에,IT
마이크론  사업 호조에도 주가  급락한 이유는,IT
근처 갈 만한 커피숍 알려줘이 번호 누르자 챗가 받았다 송영찬의 실밸포커스,IT
  배터리 만 원 대 중저가 폰 잇단 출시,IT
마이크론  고객사 곳으로 확장 양산도 자신감,IT
마이크론 내년 메모리 부진 전망삼성도 악영향 불가피,IT
 년 전세계 모바일 트래픽  차지,IT
외아들 결혼 앞두고 쓰러진 아버지명 생명 살리고 하늘 나라로,IT
 우주양자 기술 위한 초소형 초저온 냉각장치 개발,IT
 의대증원 서남의대 같은 폐교사태 불러올 것모집 정지해야,IT
메모리 풍향계 마이크론 수요 부진에 가이던스 뚝,IT
초속  중성자별이 그린 기타 성운,IT
바이오플러스 영업개편공장완공 내년 최대실적 예고,IT
두산에너빌리티  테라파워  기자재 공급사로 선정,IT
스마트폰 없어도 집 전화로도 챗 쓴다,IT
생물보안법 연내 통과 불발 바이오 저격 실패한 ,IT
클로즈업 본회의만 남은 기본법 통과돼도 갈길 멀었다,IT
디즈니 조명가게 흥행에원작 웹툰도 정주행 열풍,IT
부광약품 년 만 흑자전환 서광구조조정신규 수익원 강화,IT
마이크로바이옴 선두주자 사 색 누가 유리할까,IT
인텔 코어 울트라  성능 분석 결과 공개,IT
분석 브릿지바이오 자금조달 풍문에 급등락 반복법차손 해결 진행 상황은,IT
한화큐셀 텐덤셀 상용화 한 발짝최고 효율 달성,IT
분석 셀트리온  산도즈 조 바이오시밀러 시장에서 경쟁력은,IT
화웨이  떨어져도 코드 스캔 가능,IT
비트코인 급락 한 때 만 달러 선 위협,IT
시세 차이 한 눈에 비교업비트 마켓 인사이트 기능 추가,IT
썰  왓츠앱에서 이 번호 전화하면 챗 답한다,IT
코로나 때 반짝 조 넘게 몰리더니너도나도 손절 러시,IT
메모리 풍향계 마이크론 실적 예상치 상회했지만 가이던스 실망,IT
클로즈업 한국 게임사는 왜 폴란드에 꽂혔을까,IT
미국 연준 금리  인하내년 두 번 추가 금리 인하 관측,IT
소변으로 방광암 조기 진단두 차례 융합 통해 창업 도전,IT
월 만원에 전문가용 까지 사용오픈 요금제에 쏠린 눈,IT
내년에도 기약 없는 낸드플래시 증설 투자  키옥시아로 눈돌리는  장비업계,IT
비즈톡톡 고급  시장서도 밀리는 세계 위 삼성 싼 맛에서 매운 맛으로 진화한 ,IT
